{"cameraMode":{"drawMode":0,"name":"Shaded","section":"Shading Mode"},"sceneLighting":false,"audioPlay":false,"sceneViewState":{"m_AlwaysRefresh":false,"showFog":true,"showSkybox":false,"showFlares":true,"showImageEffects":true,"showParticleSystems":true,"showVisualEffectGraphs":true,"m_FxEnabled":true},"in2DMode":false,"pivot":{"x":-0.31863224506378176,"y":0.9722895622253418,"z":-46.38779067993164},"rotation":{"x":0.0028325533494353296,"y":0.9993095993995667,"z":-0.04162564128637314,"w":-0.011640557087957859},"size":0.2789193093776703,"orthographic":false}