{"cameraMode":{"drawMode":0,"name":"Shaded","section":"Shading Mode"},"sceneLighting":false,"audioPlay":false,"sceneViewState":{"m_AlwaysRefresh":false,"showFog":true,"showSkybox":true,"showFlares":true,"showImageEffects":true,"showParticleSystems":true,"showVisualEffectGraphs":true,"m_FxEnabled":true},"in2DMode":false,"pivot":{"x":111.39987182617188,"y":3.3231594562530519,"z":31.15414810180664},"rotation":{"x":0.07633611559867859,"y":-0.9199005365371704,"z":0.2288937121629715,"w":0.3099570870399475},"size":1.2204031944274903,"orthographic":false}