{"cameraMode":{"drawMode":0,"name":"Shaded","section":"Shading Mode"},"sceneLighting":false,"audioPlay":false,"sceneViewState":{"m_AlwaysRefresh":false,"showFog":true,"showSkybox":true,"showFlares":true,"showImageEffects":true,"showParticleSystems":true,"showVisualEffectGraphs":true,"m_FxEnabled":true},"in2DMode":false,"pivot":{"x":-1.2589881420135499,"y":11.093481063842774,"z":-28.246335983276368},"rotation":{"x":-0.10570414364337921,"y":-0.06045995280146599,"z":0.006047573871910572,"w":-0.9926209449768066},"size":0.4665229618549347,"orthographic":false}