{"cameraMode":{"drawMode":0,"name":"Shaded","section":"Shading Mode"},"sceneLighting":true,"audioPlay":false,"sceneViewState":{"m_AlwaysRefresh":false,"showFog":true,"showSkybox":true,"showFlares":true,"showImageEffects":true,"showParticleSystems":true,"showVisualEffectGraphs":true,"m_FxEnabled":true},"in2DMode":false,"pivot":{"x":-18.90436553955078,"y":3.3887338638305666,"z":-34.551368713378909},"rotation":{"x":-0.055589038878679278,"y":0.21529968082904817,"z":-0.014132357202470303,"w":-0.9751739501953125},"size":1.2467221021652222,"orthographic":false}