{"cameraMode":{"drawMode":0,"name":"Shaded","section":"Shading Mode"},"sceneLighting":true,"audioPlay":false,"sceneViewState":{"m_AlwaysRefresh":false,"showFog":true,"showSkybox":true,"showFlares":true,"showImageEffects":true,"showParticleSystems":true,"showVisualEffectGraphs":true,"m_FxEnabled":true},"in2DMode":false,"pivot":{"x":5.774914741516113,"y":0.9900032877922058,"z":-60.12694549560547},"rotation":{"x":-0.0012577965389937163,"y":-0.9846689701080322,"z":-0.007079137023538351,"w":0.174262136220932},"size":0.41449666023254397,"orthographic":false}