{"cameraMode":{"drawMode":0,"name":"Shaded","section":"Shading Mode"},"sceneLighting":false,"audioPlay":false,"sceneViewState":{"m_AlwaysRefresh":false,"showFog":true,"showSkybox":true,"showFlares":true,"showImageEffects":true,"showParticleSystems":true,"showVisualEffectGraphs":true,"m_FxEnabled":true},"in2DMode":false,"pivot":{"x":-12.655330657958985,"y":15.723604202270508,"z":-26.50011444091797},"rotation":{"x":-0.009287429042160511,"y":0.47058936953544619,"z":0.0067627341486513618,"w":0.8824380040168762},"size":12.12435531616211,"orthographic":false}