{"cameraMode":{"drawMode":0,"name":"Shaded","section":"Shading Mode"},"sceneLighting":true,"audioPlay":false,"sceneViewState":{"m_AlwaysRefresh":false,"showFog":true,"showSkybox":true,"showFlares":true,"showImageEffects":true,"showParticleSystems":true,"showVisualEffectGraphs":true,"m_FxEnabled":true},"in2DMode":false,"pivot":{"x":10.599100112915039,"y":1.977860450744629,"z":-44.30532455444336},"rotation":{"x":-0.005826408043503761,"y":-0.9972867965698242,"z":0.04506326839327812,"w":-0.06077743321657181},"size":0.26085540652275088,"orthographic":false}