{"cameraMode":{"drawMode":0,"name":"Shaded","section":"Shading Mode"},"sceneLighting":false,"audioPlay":false,"sceneViewState":{"m_AlwaysRefresh":false,"showFog":true,"showSkybox":true,"showFlares":true,"showImageEffects":true,"showParticleSystems":true,"showVisualEffectGraphs":true,"m_FxEnabled":true},"in2DMode":false,"pivot":{"x":-12.512761116027832,"y":3.1658265590667726,"z":11.644283294677735},"rotation":{"x":0.1969483494758606,"y":-0.5371853709220886,"z":0.13242530822753907,"w":0.8095937967300415},"size":0.12247427552938461,"orthographic":false}