{"cameraMode":{"drawMode":0,"name":"Shaded","section":"Shading Mode"},"sceneLighting":false,"audioPlay":false,"sceneViewState":{"m_AlwaysRefresh":false,"showFog":true,"showSkybox":false,"showFlares":true,"showImageEffects":true,"showParticleSystems":true,"showVisualEffectGraphs":true,"m_FxEnabled":true},"in2DMode":false,"pivot":{"x":-0.1650901734828949,"y":1.402965784072876,"z":-53.07416915893555},"rotation":{"x":0.004294993355870247,"y":-0.9916145205497742,"z":0.08424078673124314,"w":0.0991736501455307},"size":0.09503903985023499,"orthographic":false}