{"cameraMode":{"drawMode":0,"name":"Shaded","section":"Shading Mode"},"sceneLighting":false,"audioPlay":false,"sceneViewState":{"m_AlwaysRefresh":false,"showFog":true,"showSkybox":false,"showFlares":true,"showImageEffects":true,"showParticleSystems":true,"showVisualEffectGraphs":true,"m_FxEnabled":true},"in2DMode":false,"pivot":{"x":0.021305277943611146,"y":0.5110000371932983,"z":-36.36000061035156},"rotation":{"x":0.3490625321865082,"y":-0.5615140199661255,"z":0.2846376597881317,"w":0.6944026947021484},"size":0.6639295816421509,"orthographic":false}