{"cameraMode":{"drawMode":0,"name":"Shaded","section":"Shading Mode"},"sceneLighting":false,"audioPlay":false,"sceneViewState":{"m_AlwaysRefresh":false,"showFog":true,"showSkybox":false,"showFlares":true,"showImageEffects":true,"showParticleSystems":true,"showVisualEffectGraphs":true,"m_FxEnabled":true},"in2DMode":false,"pivot":{"x":-14.276235580444336,"y":1.3876211643218995,"z":-27.67499351501465},"rotation":{"x":-0.026950422674417497,"y":-0.9560287594795227,"z":0.07990050315856934,"w":-0.28168654441833498},"size":0.5644786953926086,"orthographic":false}