{"cameraMode":{"drawMode":0,"name":"Shaded","section":"Shading Mode"},"sceneLighting":false,"audioPlay":false,"sceneViewState":{"m_AlwaysRefresh":false,"showFog":true,"showSkybox":false,"showFlares":true,"showImageEffects":true,"showParticleSystems":true,"showVisualEffectGraphs":true,"m_FxEnabled":true},"in2DMode":false,"pivot":{"x":0.06000000238418579,"y":1.5240000486373902,"z":-53.42421340942383},"rotation":{"x":0.024878904223442079,"y":-0.7446078658103943,"z":0.030535943806171418,"w":0.6668092012405396},"size":0.36922430992126467,"orthographic":false}