{"cameraMode":{"drawMode":0,"name":"Shaded","section":"Shading Mode"},"sceneLighting":false,"audioPlay":false,"sceneViewState":{"m_AlwaysRefresh":false,"showFog":true,"showSkybox":false,"showFlares":true,"showImageEffects":true,"showParticleSystems":true,"showVisualEffectGraphs":true,"m_FxEnabled":true},"in2DMode":false,"pivot":{"x":-0.4590299725532532,"y":1.0818607807159424,"z":-36.490257263183597},"rotation":{"x":-0.15740874409675599,"y":-0.5040915608406067,"z":0.09211631864309311,"w":-0.8445463180541992},"size":0.14185868203639985,"orthographic":false}