{"cameraMode":{"drawMode":0,"name":"Shaded","section":"Shading Mode"},"sceneLighting":false,"audioPlay":false,"sceneViewState":{"m_AlwaysRefresh":false,"showFog":true,"showSkybox":false,"showFlares":true,"showImageEffects":true,"showParticleSystems":true,"showVisualEffectGraphs":true,"m_FxEnabled":true},"in2DMode":false,"pivot":{"x":-0.21460549533367158,"y":1.8853883743286133,"z":-0.061309657990932468},"rotation":{"x":0.15092286467552186,"y":0.69826740026474,"z":-0.14961813390254975,"w":0.6838036179542542},"size":0.4294970631599426,"orthographic":false}