{"cameraMode":{"drawMode":0,"name":"Shaded","section":"Shading Mode"},"sceneLighting":false,"audioPlay":false,"sceneViewState":{"m_AlwaysRefresh":false,"showFog":true,"showSkybox":false,"showFlares":true,"showImageEffects":true,"showParticleSystems":true,"showVisualEffectGraphs":true,"m_FxEnabled":true},"in2DMode":false,"pivot":{"x":-0.53594970703125,"y":1.6845638751983643,"z":0.3300776183605194},"rotation":{"x":0.0002977602416649461,"y":0.6949398517608643,"z":0.0041329399682581429,"w":0.7192848920822144},"size":0.1732051521539688,"orthographic":false}