{"cameraMode":{"drawMode":0,"name":"Shaded","section":"Shading Mode"},"sceneLighting":false,"audioPlay":false,"sceneViewState":{"m_AlwaysRefresh":false,"showFog":true,"showSkybox":false,"showFlares":true,"showImageEffects":true,"showParticleSystems":true,"showVisualEffectGraphs":true,"m_FxEnabled":true},"in2DMode":false,"pivot":{"x":-3.531187057495117,"y":1.460686206817627,"z":-42.68535232543945},"rotation":{"x":-0.013454022817313671,"y":-0.9601408839225769,"z":0.035499654710292819,"w":-0.27753883600234988},"size":1.2467224597930909,"orthographic":false}